ascending,descending,momentum_pct,reversion_pct,spike_acc,total_num
0.10714285714285714,0.8928571428571429,0.6071428571428571,0.39285714285714285,0.75,28.0
0.018867924528301886,0.9811320754716981,0.5283018867924528,0.4716981132075472,0.6981132075471698,53.0
0.02127659574468085,0.9787234042553191,0.40425531914893614,0.5957446808510638,0.574468085106383,47.0
0.0851063829787234,0.8936170212765957,0.5957446808510638,0.3829787234042553,0.6382978723404256,47.0
