ascending,descending,momentum_pct,reversion_pct,spike_acc,total_num
0.17391304347826086,0.8260869565217391,0.5652173913043478,0.43478260869565216,0.6086956521739131,46.0
0.18518518518518517,0.8148148148148148,0.5,0.5,0.6666666666666666,54.0
0.03773584905660377,0.9622641509433962,0.5471698113207547,0.4528301886792453,0.6981132075471698,53.0
0.06382978723404255,0.9361702127659575,0.3617021276595745,0.6382978723404256,0.723404255319149,47.0
