ascending,descending,momentum_pct,reversion_pct,spike_acc,total_num
0.12149532710280374,0.8785046728971962,0.4953271028037383,0.5046728971962616,0.5981308411214953,107.0
0.12931034482758622,0.8706896551724138,0.5948275862068966,0.4051724137931034,0.5775862068965517,116.0
0.16666666666666666,0.8333333333333334,0.6041666666666666,0.3958333333333333,0.6458333333333334,96.0
0.08653846153846154,0.9134615384615384,0.5480769230769231,0.4519230769230769,0.5769230769230769,104.0
