ascending,descending,momentum_pct,reversion_pct,spike_acc,total_num
0.13924050632911392,0.8607594936708861,0.5063291139240507,0.4936708860759494,0.6455696202531646,79.0
0.09782608695652174,0.9021739130434783,0.5108695652173914,0.4891304347826087,0.6304347826086957,92.0
0.09016393442622951,0.9098360655737705,0.48360655737704916,0.5163934426229508,0.7704918032786885,122.0
0.11235955056179775,0.8876404494382022,0.4943820224719101,0.5056179775280899,0.7191011235955056,89.0
