ascending,descending,momentum_pct,reversion_pct,spike_acc,total_num
0.08235294117647059,0.9176470588235294,0.5058823529411764,0.49411764705882355,0.6941176470588235,85.0
0.10185185185185185,0.8981481481481481,0.5740740740740741,0.42592592592592593,0.6851851851851852,108.0
0.08571428571428572,0.9142857142857143,0.5619047619047619,0.4380952380952381,0.7142857142857143,105.0
0.08411214953271028,0.9158878504672897,0.5514018691588785,0.4485981308411215,0.6728971962616822,107.0
