ascending,descending,momentum_pct,reversion_pct,spike_acc,total_num
0.2,0.8,0.5666666666666667,0.43333333333333335,0.5,30.0
0.14285714285714285,0.8571428571428571,0.42857142857142855,0.5714285714285714,0.7142857142857143,28.0
0.15384615384615385,0.8461538461538461,0.5384615384615384,0.46153846153846156,0.6153846153846154,26.0
0.03225806451612903,0.967741935483871,0.4838709677419355,0.5161290322580645,0.7096774193548387,31.0
