ascending,descending,momentum_pct,reversion_pct,spike_acc,total_num
0.6043956043956044,0.3956043956043956,0.5964912280701754,0.40350877192982454,0.6263736263736264,91.0
0.552,0.448,0.5894736842105263,0.4105263157894737,0.76,125.0
0.5104895104895105,0.48951048951048953,0.3917525773195876,0.6082474226804123,0.6783216783216783,143.0
0.525,0.475,0.6022727272727273,0.3977272727272727,0.7333333333333333,120.0
0.5433070866141733,0.4566929133858268,0.5454545454545454,0.45454545454545453,0.6929133858267716,127.0
0.45255474452554745,0.5474452554744526,0.6914893617021277,0.30851063829787234,0.6861313868613139,137.0
0.4365079365079365,0.5634920634920635,0.524390243902439,0.47560975609756095,0.6507936507936508,126.0
0.5407407407407407,0.45925925925925926,0.4588235294117647,0.5411764705882353,0.6296296296296297,135.0
