ascending,descending,momentum_pct,reversion_pct,spike_acc,total_num
0.47572815533980584,0.5242718446601942,0.6103896103896104,0.38961038961038963,0.7475728155339806,103.0
0.5346534653465347,0.46534653465346537,0.4852941176470588,0.5147058823529411,0.6732673267326733,101.0
0.5047619047619047,0.49523809523809526,0.5,0.5,0.6857142857142857,105.0
0.49523809523809526,0.5047619047619047,0.4225352112676056,0.5774647887323944,0.6761904761904762,105.0
0.5047619047619047,0.49523809523809526,0.6,0.4,0.7142857142857143,105.0
0.4891304347826087,0.5108695652173914,0.5230769230769231,0.47692307692307695,0.7065217391304348,92.0
0.4339622641509434,0.5660377358490566,0.5301204819277109,0.46987951807228917,0.7830188679245284,106.0
0.5643564356435643,0.43564356435643564,0.37662337662337664,0.6233766233766234,0.7623762376237624,101.0
