ascending,descending,momentum_pct,reversion_pct,spike_acc,total_num
0.39655172413793105,0.603448275862069,0.425,0.575,0.6896551724137931,58.0
0.4157303370786517,0.5842696629213483,0.41935483870967744,0.5806451612903226,0.6966292134831461,89.0
0.5641025641025641,0.4358974358974359,0.4423076923076923,0.5576923076923077,0.6666666666666666,78.0
0.4588235294117647,0.5411764705882353,0.44642857142857145,0.5535714285714286,0.6588235294117647,85.0
0.47435897435897434,0.5256410256410257,0.4918032786885246,0.5081967213114754,0.782051282051282,78.0
0.6133333333333333,0.38666666666666666,0.45098039215686275,0.5490196078431373,0.68,75.0
0.5142857142857142,0.4857142857142857,0.5625,0.4375,0.6857142857142857,70.0
0.5517241379310345,0.4482758620689655,0.5254237288135594,0.4745762711864407,0.6781609195402298,87.0
