ascending,descending,momentum_pct,reversion_pct,spike_acc,total_num
0.847457627118644,0.15254237288135594,0.4745762711864407,0.5254237288135594,0.7627118644067796,59.0
0.9696969696969697,0.030303030303030304,0.6666666666666666,0.3333333333333333,0.7272727272727273,66.0
0.8970588235294118,0.10294117647058823,0.5882352941176471,0.4117647058823529,0.6911764705882353,68.0
0.9166666666666666,0.08333333333333333,0.5416666666666666,0.4583333333333333,0.6388888888888888,72.0
