ascending,descending,momentum_pct,reversion_pct,spike_acc,total_num
0.918918918918919,0.08108108108108109,0.5135135135135135,0.4864864864864865,0.5945945945945946,37.0
0.9375,0.0625,0.53125,0.46875,0.625,32.0
0.918918918918919,0.08108108108108109,0.5945945945945946,0.40540540540540543,0.6756756756756757,37.0
0.8867924528301887,0.09433962264150944,0.41509433962264153,0.5660377358490566,0.5849056603773585,53.0
