ascending,descending,momentum_pct,reversion_pct,spike_acc,total_num
0.9310344827586207,0.034482758620689655,0.4827586206896552,0.4827586206896552,0.6551724137931034,29.0
0.9090909090909091,0.09090909090909091,0.5454545454545454,0.45454545454545453,0.5151515151515151,33.0
0.9259259259259259,0.07407407407407407,0.7037037037037037,0.2962962962962963,0.6296296296296297,27.0
0.9318181818181818,0.06818181818181818,0.6136363636363636,0.38636363636363635,0.5909090909090909,44.0
