ascending,descending,momentum_pct,reversion_pct,spike_acc,total_num
0.8831168831168831,0.11688311688311688,0.4675324675324675,0.5324675324675324,0.6883116883116883,77.0
0.896551724137931,0.10344827586206896,0.47126436781609193,0.5287356321839081,0.5862068965517241,87.0
0.8870967741935484,0.11290322580645161,0.5,0.5,0.6774193548387096,62.0
0.8133333333333334,0.18666666666666668,0.4666666666666667,0.5333333333333333,0.68,75.0
