ascending,descending,momentum_pct,reversion_pct,spike_acc,total_num
0.9375,0.0625,0.5625,0.4375,0.640625,64.0
0.8452380952380952,0.14285714285714285,0.5,0.4880952380952381,0.6547619047619048,84.0
0.898876404494382,0.0898876404494382,0.5617977528089888,0.42696629213483145,0.7415730337078652,89.0
0.8513513513513513,0.14864864864864866,0.5405405405405406,0.4594594594594595,0.6351351351351351,74.0
