ascending,descending,momentum_pct,reversion_pct,spike_acc,total_num
0.8867924528301887,0.11320754716981132,0.4716981132075472,0.5283018867924528,0.7735849056603774,106.0
0.9512195121951219,0.04878048780487805,0.5284552845528455,0.4715447154471545,0.7479674796747967,123.0
0.9444444444444444,0.05555555555555555,0.5092592592592593,0.49074074074074076,0.7962962962962963,108.0
0.970873786407767,0.02912621359223301,0.6019417475728155,0.39805825242718446,0.6699029126213593,103.0
