ascending,descending,momentum_pct,reversion_pct,spike_acc,total_num
0.9111111111111111,0.08888888888888889,0.4444444444444444,0.5555555555555556,0.7111111111111111,45.0
0.8888888888888888,0.1111111111111111,0.4888888888888889,0.5111111111111111,0.6222222222222222,45.0
0.9375,0.0625,0.5416666666666666,0.4583333333333333,0.6875,48.0
0.8793103448275862,0.1206896551724138,0.5517241379310345,0.4482758620689655,0.6896551724137931,58.0
